dataset_id,dataset_name,model,train_accuracy,train_auc_ovo,train_gmean,train_cross_entropy,accuracy,auc_ovo,gmean,cross_entropy,time_seconds,tune_time_seconds
3,kr-vs-kp,TabNet,0.9968708091193563,0.9999767738380512,0.996884442754656,0.0071303178766506945,0.9927007299270073,0.9998692571189498,0.9926382265186928,0.019128945342491415,175.88765990699903,174.87103417599792
3,kr-vs-kp,LightGBM,0.9986589181940099,0.9999963959403873,0.9985958336158196,0.001997356337094299,0.9958289885297185,0.9999084799832648,0.9958205682697069,0.014641513674166134,81.56052825200095,81.35689064799953
3,kr-vs-kp,CatBoost,0.9995529727313366,0.9999991990978638,0.9995321637170851,0.01230749456796473,0.9937434827945777,0.9999346285594749,0.9935334679458249,0.018623414927775504,213.13826113899995,213.05092483800036
3,kr-vs-kp,XGBoost,0.997764863656683,0.9999695657188257,0.9976586247433485,0.018427796310859577,0.9979144942648592,1.0,0.997814205036652,0.018273404313373102,5.236037463997491,5.158307764002529
3,kr-vs-kp,AutoGluon,0.9995529727313366,0.9999983981957277,0.9995321637170851,0.31827285545337486,0.9937434827945777,0.99994770284758,0.9935334679458249,0.3219510321808794,135.59989804200086,0.0
3,kr-vs-kp,Auto-sklearn,0.9937416182387125,0.9990277048066942,0.9936478930803107,0.13677206007036696,0.9895724713242962,0.9988625369348639,0.9894544586222701,0.1451593564634332,140.20613657700233,140.20613657700233
